DATE ADDED TO CATALOG	PUBMEDID	FIRST AUTHOR	DATE	JOURNAL	LINK	STUDY	DISEASE/TRAIT	INITIAL SAMPLE SIZE	REPLICATION SAMPLE SIZE	REGION	CHR_ID	CHR_POS	REPORTED GENE(S)	MAPPED_GENE	UPSTREAM_GENE_ID	DOWNSTREAM_GENE_ID	SNP_GENE_IDS	UPSTREAM_GENE_DISTANCE	DOWNSTREAM_GENE_DISTANCE	STRONGEST SNP-RISK ALLELE	SNPS	MERGED	SNP_ID_CURRENT	CONTEXT	INTERGENIC	RISK ALLELE FREQUENCY	P-VALUE	PVALUE_MLOG	P-VALUE (TEXT)	OR or BETA	95% CI (TEXT)	PLATFORM [SNPS PASSING QC]	CNV	MAPPED_TRAIT	MAPPED_TRAIT_URI	STUDY ACCESSION	GENOTYPING TECHNOLOGY
2019-05-22	30718926	Suzuki K	2019-02-04	Nat Genet	www.ncbi.nlm.nih.gov/pubmed/30718926	Identification of 28 new susceptibility loci for type 2 diabetes in the Japanese population.	Type 2 diabetes	36,614 Japanese ancestry cases, 155,150 Japanese ancestry controls	NA	1q42.13	1	229537208	ABCB10	ABCB10			ENSG00000135776			rs348330-G	rs348330	0	348330	intron_variant	0	0.7	4E-6	5.3979400086720375		1.0526316	[1.03-1.08]	Illumina [12557761] (imputed)	N	type II diabetes mellitus	http://www.ebi.ac.uk/efo/EFO_0001360	GCST007847	Genome-wide genotyping array
2019-05-22	30718926	Suzuki K	2019-02-04	Nat Genet	www.ncbi.nlm.nih.gov/pubmed/30718926	Identification of 28 new susceptibility loci for type 2 diabetes in the Japanese population.	Type 2 diabetes	36,614 Japanese ancestry cases, 155,150 Japanese ancestry controls	NA	5q11.2	5	56513311	ANKRD55	C5orf67			ENSG00000225940			rs256903-A	rs256903	0	256903	intron_variant	0	0.47	2E-16	15.698970004336019		1.08	1.06-1.09	Illumina [12557761] (imputed)	N	type II diabetes mellitus	http://www.ebi.ac.uk/efo/EFO_0001360	GCST007847	Genome-wide genotyping array
2019-05-22	30718926	Suzuki K	2019-02-04	Nat Genet	www.ncbi.nlm.nih.gov/pubmed/30718926	Identification of 28 new susceptibility loci for type 2 diabetes in the Japanese population.	Type 2 diabetes	36,614 Japanese ancestry cases, 155,150 Japanese ancestry controls	NA	15q22.2	15	62094596	C2CD4A	NPM1P47 - C2CD4B	ENSG00000259466	ENSG00000205502		11291	68939	rs77820034-C	rs77820034	0	77820034	TF_binding_site_variant	1	0.024	8E-7	6.096910013008056	(Conditioned)			Illumina [12557761] (imputed)	N	type II diabetes mellitus	http://www.ebi.ac.uk/efo/EFO_0001360	GCST007847	Genome-wide genotyping array
2019-05-22	30718926	Suzuki K	2019-02-04	Nat Genet	www.ncbi.nlm.nih.gov/pubmed/30718926	Identification of 28 new susceptibility loci for type 2 diabetes in the Japanese population.	Type 2 diabetes	36,614 Japanese ancestry cases, 155,150 Japanese ancestry controls	NA	11p15.4	11	2837316	KCNQ1	KCNQ1, KCNQ1			ENSG00000282076, ENSG00000053918			rs2237897-C	rs2237897	0	2237897	intron_variant	0	0.62	3E-168	167.52287874528034		1.3	1.27-1.32	Illumina [12557761] (imputed)	N	type II diabetes mellitus	http://www.ebi.ac.uk/efo/EFO_0001360	GCST007847	Genome-wide genotyping array
2019-05-22	30718926	Suzuki K	2019-02-04	Nat Genet	www.ncbi.nlm.nih.gov/pubmed/30718926	Identification of 28 new susceptibility loci for type 2 diabetes in the Japanese population.	Type 2 diabetes	36,614 Japanese ancestry cases, 155,150 Japanese ancestry controls	NA	9p21.3	9	22132730	CDKN2A, B	CDKN2B-AS1 - AL157937.1	ENSG00000240498	ENSG00000236921		4627	71260	rs10965247-A	rs10965247	0	10965247	intergenic_variant	1	0.56	1E-87	87.0		1.19	1.17-1.21	Illumina [12557761] (imputed)	N	type II diabetes mellitus	http://www.ebi.ac.uk/efo/EFO_0001360	GCST007847	Genome-wide genotyping array
2019-05-22	30718926	Suzuki K	2019-02-04	Nat Genet	www.ncbi.nlm.nih.gov/pubmed/30718926	Identification of 28 new susceptibility loci for type 2 diabetes in the Japanese population.	Type 2 diabetes	36,614 Japanese ancestry cases, 155,150 Japanese ancestry controls	NA	6p22.3	6	20687890	CDKAL1	CDKAL1			ENSG00000145996			rs10440833-A	rs10440833	0	10440833	intron_variant	0	0.42	2E-85	84.69897000433602		1.19	1.17-1.21	Illumina [12557761] (imputed)	N	type II diabetes mellitus	http://www.ebi.ac.uk/efo/EFO_0001360	GCST007847	Genome-wide genotyping array
2019-05-22	30718926	Suzuki K	2019-02-04	Nat Genet	www.ncbi.nlm.nih.gov/pubmed/30718926	Identification of 28 new susceptibility loci for type 2 diabetes in the Japanese population.	Type 2 diabetes	36,614 Japanese ancestry cases, 155,150 Japanese ancestry controls	NA	7q32.1	7	127613496	GCC1, PAX4	PAX4			ENSG00000106331			rs2233580-T	rs2233580	0	2233580	missense_variant	0	0.09	4E-74	73.39794000867204		1.32	1.28-1.36	Illumina [12557761] (imputed)	N	type II diabetes mellitus	http://www.ebi.ac.uk/efo/EFO_0001360	GCST007847	Genome-wide genotyping array
2019-05-22	30718926	Suzuki K	2019-02-04	Nat Genet	www.ncbi.nlm.nih.gov/pubmed/30718926	Identification of 28 new susceptibility loci for type 2 diabetes in the Japanese population.	Type 2 diabetes	36,614 Japanese ancestry cases, 155,150 Japanese ancestry controls	NA	Xq28	X	153643433	DUSP9	DUSP9			ENSG00000130829			rs1894299-G	rs1894299	0	1894299	intron_variant	0	0.68	9E-58	57.045757490560675		1.13	1.11-1.15	Illumina [12557761] (imputed)	N	type II diabetes mellitus	http://www.ebi.ac.uk/efo/EFO_0001360	GCST007847	Genome-wide genotyping array
2019-05-22	30718926	Suzuki K	2019-02-04	Nat Genet	www.ncbi.nlm.nih.gov/pubmed/30718926	Identification of 28 new susceptibility loci for type 2 diabetes in the Japanese population.	Type 2 diabetes	36,614 Japanese ancestry cases, 155,150 Japanese ancestry controls	NA	10q25.2	10	112994329	TCF7L2	TCF7L2			ENSG00000148737			rs7901695-C	rs7901695	0	7901695	intron_variant	0	0.04	3E-49	48.52287874528034		1.34	1.29-1.40	Illumina [12557761] (imputed)	N	type II diabetes mellitus	http://www.ebi.ac.uk/efo/EFO_0001360	GCST007847	Genome-wide genotyping array
2019-05-22	30718926	Suzuki K	2019-02-04	Nat Genet	www.ncbi.nlm.nih.gov/pubmed/30718926	Identification of 28 new susceptibility loci for type 2 diabetes in the Japanese population.	Type 2 diabetes	36,614 Japanese ancestry cases, 155,150 Japanese ancestry controls	NA	3q27.2	3	185777532	IGF2BP2	IGF2BP2			ENSG00000073792			rs13092876-A	rs13092876	0	13092876	intron_variant	0	0.34	6E-39	38.221848749616356		1.14	1.12-1.16	Illumina [12557761] (imputed)	N	type II diabetes mellitus	http://www.ebi.ac.uk/efo/EFO_0001360	GCST007847	Genome-wide genotyping array
2019-05-22	30718926	Suzuki K	2019-02-04	Nat Genet	www.ncbi.nlm.nih.gov/pubmed/30718926	Identification of 28 new susceptibility loci for type 2 diabetes in the Japanese population.	Type 2 diabetes	36,614 Japanese ancestry cases, 155,150 Japanese ancestry controls	NA	10q23.33	10	92706682	HHEX, IDE	HHEX - RF00019	ENSG00000152804	ENSG00000265852		11035	3817	rs12219514-A	rs12219514	0	12219514	intergenic_variant	1	0.13	5E-39	38.30102999566398		1.18	1.15-1.21	Illumina [12557761] (imputed)	N	type II diabetes mellitus	http://www.ebi.ac.uk/efo/EFO_0001360	GCST007847	Genome-wide genotyping array
2019-05-22	30718926	Suzuki K	2019-02-04	Nat Genet	www.ncbi.nlm.nih.gov/pubmed/30718926	Identification of 28 new susceptibility loci for type 2 diabetes in the Japanese population.	Type 2 diabetes	36,614 Japanese ancestry cases, 155,150 Japanese ancestry controls	NA	17q12	17	37742390	HNF1B, TCF2	HNF1B, HNF1B			ENSG00000276194, ENSG00000275410			rs11651052-A	rs11651052	0	11651052	intron_variant	0	0.32	2E-34	33.69897000433602		1.12	1.10-1.14	Illumina [12557761] (imputed)	N	type II diabetes mellitus	http://www.ebi.ac.uk/efo/EFO_0001360	GCST007847	Genome-wide genotyping array
2019-05-22	30718926	Suzuki K	2019-02-04	Nat Genet	www.ncbi.nlm.nih.gov/pubmed/30718926	Identification of 28 new susceptibility loci for type 2 diabetes in the Japanese population.	Type 2 diabetes	36,614 Japanese ancestry cases, 155,150 Japanese ancestry controls	NA	8q24.11	8	117172544	SLC30A8	SLC30A8			ENSG00000164756			rs13266634-C	rs13266634	0	13266634	missense_variant	0	0.59	3E-30	29.522878745280337		1.11	1.09-1.13	Illumina [12557761] (imputed)	N	type II diabetes mellitus	http://www.ebi.ac.uk/efo/EFO_0001360	GCST007847	Genome-wide genotyping array
2019-05-22	30718926	Suzuki K	2019-02-04	Nat Genet	www.ncbi.nlm.nih.gov/pubmed/30718926	Identification of 28 new susceptibility loci for type 2 diabetes in the Japanese population.	Type 2 diabetes	36,614 Japanese ancestry cases, 155,150 Japanese ancestry controls	NA	16q12.2	16	53767042	FTO	FTO			ENSG00000140718			rs1421085-C	rs1421085	0	1421085	intron_variant	0	0.2	1E-28	28.0		1.13	1.11-1.15	Illumina [12557761] (imputed)	N	type II diabetes mellitus	http://www.ebi.ac.uk/efo/EFO_0001360	GCST007847	Genome-wide genotyping array
2019-05-22	30718926	Suzuki K	2019-02-04	Nat Genet	www.ncbi.nlm.nih.gov/pubmed/30718926	Identification of 28 new susceptibility loci for type 2 diabetes in the Japanese population.	Type 2 diabetes	36,614 Japanese ancestry cases, 155,150 Japanese ancestry controls	NA	10p13	10	12260608	CDC123, CAMK1D	CDC123 - RN7SL198P	ENSG00000151465	ENSG00000264036		10019	67524	rs10795945-T	rs10795945	0	10795945	intergenic_variant	1	0.45	8E-27	26.096910013008056		1.11	1.09-1.13	Illumina [12557761] (imputed)	N	type II diabetes mellitus	http://www.ebi.ac.uk/efo/EFO_0001360	GCST007847	Genome-wide genotyping array
2019-05-22	30718926	Suzuki K	2019-02-04	Nat Genet	www.ncbi.nlm.nih.gov/pubmed/30718926	Identification of 28 new susceptibility loci for type 2 diabetes in the Japanese population.	Type 2 diabetes	36,614 Japanese ancestry cases, 155,150 Japanese ancestry controls	NA	4p16.3	4	1250430	MAEA	CTBP1-DT			ENSG00000196810			rs79407053-G	rs79407053	0	79407053	non_coding_transcript_exon_variant	0	0.69	1E-24	24.0		1.11	1.09-1.13	Illumina [12557761] (imputed)	N	type II diabetes mellitus	http://www.ebi.ac.uk/efo/EFO_0001360	GCST007847	Genome-wide genotyping array
2019-05-22	30718926	Suzuki K	2019-02-04	Nat Genet	www.ncbi.nlm.nih.gov/pubmed/30718926	Identification of 28 new susceptibility loci for type 2 diabetes in the Japanese population.	Type 2 diabetes	36,614 Japanese ancestry cases, 155,150 Japanese ancestry controls	NA	11p15.5	11	2619190	INS-IGF2, KCNQ1	KCNQ1OT1, KCNQ1, KCNQ1			ENSG00000269821, ENSG00000282076, ENSG00000053918			rs77402029-G	rs77402029	0	77402029	non_coding_transcript_exon_variant	0	0.9	3E-24	23.522878745280337		1.17	1.13-1.20	Illumina [12557761] (imputed)	N	type II diabetes mellitus	http://www.ebi.ac.uk/efo/EFO_0001360	GCST007847	Genome-wide genotyping array
2019-05-22	30718926	Suzuki K	2019-02-04	Nat Genet	www.ncbi.nlm.nih.gov/pubmed/30718926	Identification of 28 new susceptibility loci for type 2 diabetes in the Japanese population.	Type 2 diabetes	36,614 Japanese ancestry cases, 155,150 Japanese ancestry controls	NA	3p24.3	3	23349016	UBE2E2	UBE2E2			ENSG00000182247			rs12633613-T	rs12633613	0	12633613	intron_variant	0	0.67	3E-23	22.522878745280337		1.1	1.08-1.12	Illumina [12557761] (imputed)	N	type II diabetes mellitus	http://www.ebi.ac.uk/efo/EFO_0001360	GCST007847	Genome-wide genotyping array
2019-05-22	30718926	Suzuki K	2019-02-04	Nat Genet	www.ncbi.nlm.nih.gov/pubmed/30718926	Identification of 28 new susceptibility loci for type 2 diabetes in the Japanese population.	Type 2 diabetes	36,614 Japanese ancestry cases, 155,150 Japanese ancestry controls	NA	8p11.21	8	41655130	ANK1	ANK1			ENSG00000029534			rs33981001-GGT	rs33981001	0	33981001	3_prime_UTR_variant	0	0.44	8E-23	22.096910013008056		1.09	1.07-1.11	Illumina [12557761] (imputed)	N	type II diabetes mellitus	http://www.ebi.ac.uk/efo/EFO_0001360	GCST007847	Genome-wide genotyping array
2019-05-22	30718926	Suzuki K	2019-02-04	Nat Genet	www.ncbi.nlm.nih.gov/pubmed/30718926	Identification of 28 new susceptibility loci for type 2 diabetes in the Japanese population.	Type 2 diabetes	36,614 Japanese ancestry cases, 155,150 Japanese ancestry controls	NA	9q34.3	9	136343450	GPSM1	GPSM1			ENSG00000160360			rs28624681-C	rs28624681	0	28624681	intron_variant	0	0.88	6E-21	20.221848749616356		1.14	1.11-1.18	Illumina [12557761] (imputed)	N	type II diabetes mellitus	http://www.ebi.ac.uk/efo/EFO_0001360	GCST007847	Genome-wide genotyping array
2019-05-22	30718926	Suzuki K	2019-02-04	Nat Genet	www.ncbi.nlm.nih.gov/pubmed/30718926	Identification of 28 new susceptibility loci for type 2 diabetes in the Japanese population.	Type 2 diabetes	36,614 Japanese ancestry cases, 155,150 Japanese ancestry controls	NA	13q31.1	13	80134597	SPRY2	AL137781.1 - SPRY2	ENSG00000285684	ENSG00000136158		229	201379	rs1327315-C	rs1327315	0	1327315	intergenic_variant	1	0.73	2E-19	18.69897000433602		1.1	1.08-1.12	Illumina [12557761] (imputed)	N	type II diabetes mellitus	http://www.ebi.ac.uk/efo/EFO_0001360	GCST007847	Genome-wide genotyping array
2019-05-22	30718926	Suzuki K	2019-02-04	Nat Genet	www.ncbi.nlm.nih.gov/pubmed/30718926	Identification of 28 new susceptibility loci for type 2 diabetes in the Japanese population.	Type 2 diabetes	36,614 Japanese ancestry cases, 155,150 Japanese ancestry controls	NA	9q21.32	9	81694033	TLE1	AL591368.1			ENSG00000233926			rs2796441-G	rs2796441	0	2796441	intron_variant	0	0.38	3E-19	18.522878745280337		1.08	1.06-1.10	Illumina [12557761] (imputed)	N	type II diabetes mellitus	http://www.ebi.ac.uk/efo/EFO_0001360	GCST007847	Genome-wide genotyping array
2019-05-22	30718926	Suzuki K	2019-02-04	Nat Genet	www.ncbi.nlm.nih.gov/pubmed/30718926	Identification of 28 new susceptibility loci for type 2 diabetes in the Japanese population.	Type 2 diabetes	36,614 Japanese ancestry cases, 155,150 Japanese ancestry controls	NA	19q13.32	19	45663346	GIPR	RN7SL836P - GIPR	ENSG00000241226	ENSG00000010310		11541	4875	rs77300780-T	rs77300780	0	77300780	intergenic_variant	1	0.54	3E-19	18.522878745280337		1.08	1.06-1.10	Illumina [12557761] (imputed)	N	type II diabetes mellitus	http://www.ebi.ac.uk/efo/EFO_0001360	GCST007847	Genome-wide genotyping array
2019-05-22	30718926	Suzuki K	2019-02-04	Nat Genet	www.ncbi.nlm.nih.gov/pubmed/30718926	Identification of 28 new susceptibility loci for type 2 diabetes in the Japanese population.	Type 2 diabetes	36,614 Japanese ancestry cases, 155,150 Japanese ancestry controls	NA	6p21.33	6	31264766	POU5F1, TCF19	AL662844.2 - HLA-C	ENSG00000255899	ENSG00000225691		39708	3983	rs2844623-C	rs2844623	0	2844623	intergenic_variant	1	0.78	1E-17	17.0		1.1	1.08-1.12	Illumina [12557761] (imputed)	N	type II diabetes mellitus	http://www.ebi.ac.uk/efo/EFO_0001360	GCST007847	Genome-wide genotyping array
2019-05-22	30718926	Suzuki K	2019-02-04	Nat Genet	www.ncbi.nlm.nih.gov/pubmed/30718926	Identification of 28 new susceptibility loci for type 2 diabetes in the Japanese population.	Type 2 diabetes	36,614 Japanese ancestry cases, 155,150 Japanese ancestry controls	NA	12p11.21	12	31324008	FAM60A	SINHCAF			ENSG00000139146			rs3214606-C	rs3214606	0	3214606	5_prime_UTR_variant	0	0.2	2E-17	16.69897000433602		1.11	1.08-1.13	Illumina [12557761] (imputed)	N	type II diabetes mellitus	http://www.ebi.ac.uk/efo/EFO_0001360	GCST007847	Genome-wide genotyping array
2019-05-22	30718926	Suzuki K	2019-02-04	Nat Genet	www.ncbi.nlm.nih.gov/pubmed/30718926	Identification of 28 new susceptibility loci for type 2 diabetes in the Japanese population.	Type 2 diabetes	36,614 Japanese ancestry cases, 155,150 Japanese ancestry controls	NA	15q22.2	15	62102065	C2CD4A	NPM1P47 - C2CD4B	ENSG00000259466	ENSG00000205502		18760	61470	rs8037894-G	rs8037894	0	8037894	intergenic_variant	1	0.58	2E-17	16.69897000433602		1.08	1.06-1.10	Illumina [12557761] (imputed)	N	type II diabetes mellitus	http://www.ebi.ac.uk/efo/EFO_0001360	GCST007847	Genome-wide genotyping array
2019-05-22	30718926	Suzuki K	2019-02-04	Nat Genet	www.ncbi.nlm.nih.gov/pubmed/30718926	Identification of 28 new susceptibility loci for type 2 diabetes in the Japanese population.	Type 2 diabetes	36,614 Japanese ancestry cases, 155,150 Japanese ancestry controls	NA	4q31.3	4	152599127	TMEM154	AC023424.2 - AC023424.1	ENSG00000243417	ENSG00000240669		46763	14748	rs10011838-G	rs10011838	0	10011838	intergenic_variant	1	0.46	3E-17	16.522878745280337		1.08	1.06-1.10	Illumina [12557761] (imputed)	N	type II diabetes mellitus	http://www.ebi.ac.uk/efo/EFO_0001360	GCST007847	Genome-wide genotyping array
2019-05-22	30718926	Suzuki K	2019-02-04	Nat Genet	www.ncbi.nlm.nih.gov/pubmed/30718926	Identification of 28 new susceptibility loci for type 2 diabetes in the Japanese population.	Type 2 diabetes	36,614 Japanese ancestry cases, 155,150 Japanese ancestry controls	NA	7q11.22	7	69941675	AUTS2	AUTS2			ENSG00000158321			rs6947395-T	rs6947395	0	6947395	intron_variant	0	0.2	5E-16	15.301029995663981		1.09	1.07-1.12	Illumina [12557761] (imputed)	N	type II diabetes mellitus	http://www.ebi.ac.uk/efo/EFO_0001360	GCST007847	Genome-wide genotyping array
2019-05-22	30718926	Suzuki K	2019-02-04	Nat Genet	www.ncbi.nlm.nih.gov/pubmed/30718926	Identification of 28 new susceptibility loci for type 2 diabetes in the Japanese population.	Type 2 diabetes	36,614 Japanese ancestry cases, 155,150 Japanese ancestry controls	NA	17p13.1	17	7044134	SLC16A11, A13	SLC16A11 - AC120057.1	ENSG00000174326	ENSG00000262067		211	14800	rs74577409-G	rs74577409	0	74577409	regulatory_region_variant	1	0.08	6E-16	15.221848749616356		1.14	1.11-1.18	Illumina [12557761] (imputed)	N	type II diabetes mellitus	http://www.ebi.ac.uk/efo/EFO_0001360	GCST007847	Genome-wide genotyping array
2019-05-22	30718926	Suzuki K	2019-02-04	Nat Genet	www.ncbi.nlm.nih.gov/pubmed/30718926	Identification of 28 new susceptibility loci for type 2 diabetes in the Japanese population.	Type 2 diabetes	36,614 Japanese ancestry cases, 155,150 Japanese ancestry controls	NA	13q12.13	13	26207391	RNF6	RNF6			ENSG00000127870			rs10507349-G	rs10507349	0	10507349	intron_variant	0	0.55	1E-15	15.0		1.07	1.05-1.09	Illumina [12557761] (imputed)	N	type II diabetes mellitus	http://www.ebi.ac.uk/efo/EFO_0001360	GCST007847	Genome-wide genotyping array
2019-05-22	30718926	Suzuki K	2019-02-04	Nat Genet	www.ncbi.nlm.nih.gov/pubmed/30718926	Identification of 28 new susceptibility loci for type 2 diabetes in the Japanese population.	Type 2 diabetes	36,614 Japanese ancestry cases, 155,150 Japanese ancestry controls	NA	3p14.1	3	64013646	PSMD6	PSMD6, PSMD6-AS1			ENSG00000163636, ENSG00000243410			rs3816157-G	rs3816157	0	3816157	non_coding_transcript_exon_variant	0	0.68	3E-15	14.522878745280337		1.08	1.06-1.10	Illumina [12557761] (imputed)	N	type II diabetes mellitus	http://www.ebi.ac.uk/efo/EFO_0001360	GCST007847	Genome-wide genotyping array
2019-05-22	30718926	Suzuki K	2019-02-04	Nat Genet	www.ncbi.nlm.nih.gov/pubmed/30718926	Identification of 28 new susceptibility loci for type 2 diabetes in the Japanese population.	Type 2 diabetes	36,614 Japanese ancestry cases, 155,150 Japanese ancestry controls	NA	13q13.1	13	32979947	KL	TOMM22P3 - KL	ENSG00000227604	ENSG00000133116		25546	36476	rs67148051-AAGAC	rs67148051	0	67148051	intergenic_variant	1	0.14	3E-15	14.522878745280337		1.11	1.08-1.13	Illumina [12557761] (imputed)	N	type II diabetes mellitus	http://www.ebi.ac.uk/efo/EFO_0001360	GCST007847	Genome-wide genotyping array
2019-05-22	30718926	Suzuki K	2019-02-04	Nat Genet	www.ncbi.nlm.nih.gov/pubmed/30718926	Identification of 28 new susceptibility loci for type 2 diabetes in the Japanese population.	Type 2 diabetes	36,614 Japanese ancestry cases, 155,150 Japanese ancestry controls	NA	2p23.3	2	27512105	GCKR	GCKR			ENSG00000084734			rs6547692-A	rs6547692	0	6547692	intron_variant	0	0.44	4E-15	14.397940008672037		1.07	1.05-1.09	Illumina [12557761] (imputed)	N	type II diabetes mellitus	http://www.ebi.ac.uk/efo/EFO_0001360	GCST007847	Genome-wide genotyping array
2019-05-22	30718926	Suzuki K	2019-02-04	Nat Genet	www.ncbi.nlm.nih.gov/pubmed/30718926	Identification of 28 new susceptibility loci for type 2 diabetes in the Japanese population.	Type 2 diabetes	36,614 Japanese ancestry cases, 155,150 Japanese ancestry controls	NA	Xq24	X	118781201	IL13RA1	IL13RA1			ENSG00000131724			rs11390176-T	rs11390176	0	11390176	intron_variant	0	0.44	1E-14	14.0		1.06	1.04-1.07	Illumina [12557761] (imputed)	N	type II diabetes mellitus	http://www.ebi.ac.uk/efo/EFO_0001360	GCST007847	Genome-wide genotyping array
2019-05-22	30718926	Suzuki K	2019-02-04	Nat Genet	www.ncbi.nlm.nih.gov/pubmed/30718926	Identification of 28 new susceptibility loci for type 2 diabetes in the Japanese population.	Type 2 diabetes	36,614 Japanese ancestry cases, 155,150 Japanese ancestry controls	NA	10q22.3	10	79191374	ZMIZ1	ZMIZ1			ENSG00000108175			rs34204798-C	rs34204798	0	34204798	intron_variant	0	0.56	3E-14	13.522878745280337		1.07	1.05-1.09	Illumina [12557761] (imputed)	N	type II diabetes mellitus	http://www.ebi.ac.uk/efo/EFO_0001360	GCST007847	Genome-wide genotyping array
2019-05-22	30718926	Suzuki K	2019-02-04	Nat Genet	www.ncbi.nlm.nih.gov/pubmed/30718926	Identification of 28 new susceptibility loci for type 2 diabetes in the Japanese population.	Type 2 diabetes	36,614 Japanese ancestry cases, 155,150 Japanese ancestry controls	NA	7q32.1	7	128222749	MIR129-LEP	MIR129-1 - LEP	ENSG00000207705	ENSG00000174697		14806	18529	rs791595-A	rs791595	0	791595	regulatory_region_variant	1	0.07999999999999996	4E-14	13.397940008672037		1.1235955	[1.09-1.16]	Illumina [12557761] (imputed)	N	type II diabetes mellitus	http://www.ebi.ac.uk/efo/EFO_0001360	GCST007847	Genome-wide genotyping array
2019-05-22	30718926	Suzuki K	2019-02-04	Nat Genet	www.ncbi.nlm.nih.gov/pubmed/30718926	Identification of 28 new susceptibility loci for type 2 diabetes in the Japanese population.	Type 2 diabetes	36,614 Japanese ancestry cases, 155,150 Japanese ancestry controls	NA	15q15.1	15	40344217	INAFM2	CCDC9B - PHGR1	ENSG00000188549	ENSG00000233041		3250	6816	rs746673-G	rs746673	0	746673	TF_binding_site_variant	1	0.41	4E-14	13.397940008672037		1.07	1.05-1.10	Illumina [12557761] (imputed)	N	type II diabetes mellitus	http://www.ebi.ac.uk/efo/EFO_0001360	GCST007847	Genome-wide genotyping array
2019-05-22	30718926	Suzuki K	2019-02-04	Nat Genet	www.ncbi.nlm.nih.gov/pubmed/30718926	Identification of 28 new susceptibility loci for type 2 diabetes in the Japanese population.	Type 2 diabetes	36,614 Japanese ancestry cases, 155,150 Japanese ancestry controls	NA	6p21.2	6	39071364	KCNK16	GLP1R			ENSG00000112164			rs9394574-A	rs9394574	0	9394574	intron_variant	0	0.82	4E-14	13.397940008672037		1.09	1.07-1.12	Illumina [12557761] (imputed)	N	type II diabetes mellitus	http://www.ebi.ac.uk/efo/EFO_0001360	GCST007847	Genome-wide genotyping array
2019-05-22	30718926	Suzuki K	2019-02-04	Nat Genet	www.ncbi.nlm.nih.gov/pubmed/30718926	Identification of 28 new susceptibility loci for type 2 diabetes in the Japanese population.	Type 2 diabetes	36,614 Japanese ancestry cases, 155,150 Japanese ancestry controls	NA	18q21.32	18	60171168	MC4R	RNU4-17P - AC090771.1	ENSG00000202468	ENSG00000267620		7461	25387	rs663129-A	rs663129	0	663129	intergenic_variant	1	0.22	5E-14	13.301029995663981		1.08	1.06-1.10	Illumina [12557761] (imputed)	N	type II diabetes mellitus	http://www.ebi.ac.uk/efo/EFO_0001360	GCST007847	Genome-wide genotyping array
2019-05-22	30718926	Suzuki K	2019-02-04	Nat Genet	www.ncbi.nlm.nih.gov/pubmed/30718926	Identification of 28 new susceptibility loci for type 2 diabetes in the Japanese population.	Type 2 diabetes	36,614 Japanese ancestry cases, 155,150 Japanese ancestry controls	NA	6q23.3	6	136972090	SLC35D3	RF00019 - RPL35AP3	ENSG00000265852	ENSG00000230350		37224	1840	rs2327777-T	rs2327777	0	2327777	intergenic_variant	1	0.39	5E-14	13.301029995663981		1.07	1.05-1.09	Illumina [12557761] (imputed)	N	type II diabetes mellitus	http://www.ebi.ac.uk/efo/EFO_0001360	GCST007847	Genome-wide genotyping array
2019-05-22	30718926	Suzuki K	2019-02-04	Nat Genet	www.ncbi.nlm.nih.gov/pubmed/30718926	Identification of 28 new susceptibility loci for type 2 diabetes in the Japanese population.	Type 2 diabetes	36,614 Japanese ancestry cases, 155,150 Japanese ancestry controls	NA	12p11.22	12	27810574	KLHDC5	RN7SKP15 - RF02271	ENSG00000201612	ENSG00000277413		4184	13633	rs3751237-T	rs3751237	0	3751237	intergenic_variant	1	0.69	7E-14	13.154901959985743		1.07	1.05-1.09	Illumina [12557761] (imputed)	N	type II diabetes mellitus	http://www.ebi.ac.uk/efo/EFO_0001360	GCST007847	Genome-wide genotyping array
2019-05-22	30718926	Suzuki K	2019-02-04	Nat Genet	www.ncbi.nlm.nih.gov/pubmed/30718926	Identification of 28 new susceptibility loci for type 2 diabetes in the Japanese population.	Type 2 diabetes	36,614 Japanese ancestry cases, 155,150 Japanese ancestry controls	NA	11p15.5	11	2176056	INS, IGF2	MIR4686 - ASCL2	ENSG00000265258	ENSG00000183734		2918	92439	rs4929965-A	rs4929965	0	4929965	regulatory_region_variant	1	0.07999999999999996	3E-13	12.522878745280337		1.1235955	[1.09-1.16]	Illumina [12557761] (imputed)	N	type II diabetes mellitus	http://www.ebi.ac.uk/efo/EFO_0001360	GCST007847	Genome-wide genotyping array
2019-05-22	30718926	Suzuki K	2019-02-04	Nat Genet	www.ncbi.nlm.nih.gov/pubmed/30718926	Identification of 28 new susceptibility loci for type 2 diabetes in the Japanese population.	Type 2 diabetes	36,614 Japanese ancestry cases, 155,150 Japanese ancestry controls	NA	4q31.3	4	152476671	TMEM154	FBXW7			ENSG00000109670			rs7660590-C	rs7660590	0	7660590	intron_variant	0	0.5	4E-13	12.397940008672037		1.07	1.05-1.08	Illumina [12557761] (imputed)	N	type II diabetes mellitus	http://www.ebi.ac.uk/efo/EFO_0001360	GCST007847	Genome-wide genotyping array
2019-05-22	30718926	Suzuki K	2019-02-04	Nat Genet	www.ncbi.nlm.nih.gov/pubmed/30718926	Identification of 28 new susceptibility loci for type 2 diabetes in the Japanese population.	Type 2 diabetes	36,614 Japanese ancestry cases, 155,150 Japanese ancestry controls	NA	9p21.3	9	22301093	DMRTA1, CDKN2A, CDKN2B	AL157937.1 - DMRTA1	ENSG00000236921	ENSG00000176399		86421	145731	rs1575972-T	rs1575972	0	1575972	intergenic_variant	1	0.94	5E-13	12.301029995663981		1.15	1.11-1.19	Illumina [12557761] (imputed)	N	type II diabetes mellitus	http://www.ebi.ac.uk/efo/EFO_0001360	GCST007847	Genome-wide genotyping array
2019-05-22	30718926	Suzuki K	2019-02-04	Nat Genet	www.ncbi.nlm.nih.gov/pubmed/30718926	Identification of 28 new susceptibility loci for type 2 diabetes in the Japanese population.	Type 2 diabetes	36,614 Japanese ancestry cases, 155,150 Japanese ancestry controls	NA	4q21.23	4	84380717	AGPAT9, NKX6-1	AC104063.1 - NKX6-1	ENSG00000248749	ENSG00000163623		528	111270	rs201597274-T	rs201597274	0	201597274	intergenic_variant	1	0.96	2E-12	11.698970004336019		1.17	1.12-1.23	Illumina [12557761] (imputed)	N	type II diabetes mellitus	http://www.ebi.ac.uk/efo/EFO_0001360	GCST007847	Genome-wide genotyping array
2019-05-22	30718926	Suzuki K	2019-02-04	Nat Genet	www.ncbi.nlm.nih.gov/pubmed/30718926	Identification of 28 new susceptibility loci for type 2 diabetes in the Japanese population.	Type 2 diabetes	36,614 Japanese ancestry cases, 155,150 Japanese ancestry controls	NA	7p21.2	7	14858657	DGKB	DGKB			ENSG00000136267			rs17168486-T	rs17168486	0	17168486	intron_variant	0	0.4	2E-12	11.698970004336019		1.06	1.05-1.08	Illumina [12557761] (imputed)	N	type II diabetes mellitus	http://www.ebi.ac.uk/efo/EFO_0001360	GCST007847	Genome-wide genotyping array
2019-05-22	30718926	Suzuki K	2019-02-04	Nat Genet	www.ncbi.nlm.nih.gov/pubmed/30718926	Identification of 28 new susceptibility loci for type 2 diabetes in the Japanese population.	Type 2 diabetes	36,614 Japanese ancestry cases, 155,150 Japanese ancestry controls	NA	16p12.3	16	20311846	GP2	GP2			ENSG00000169347			rs117267808-A	rs117267808	0	117267808	intron_variant	0	0.08	3E-12	11.522878745280337		1.12	1.08-1.16	Illumina [12557761] (imputed)	N	type II diabetes mellitus	http://www.ebi.ac.uk/efo/EFO_0001360	GCST007847	Genome-wide genotyping array
2019-05-22	30718926	Suzuki K	2019-02-04	Nat Genet	www.ncbi.nlm.nih.gov/pubmed/30718926	Identification of 28 new susceptibility loci for type 2 diabetes in the Japanese population.	Type 2 diabetes	36,614 Japanese ancestry cases, 155,150 Japanese ancestry controls	NA	18q21.33	18	63178651	BCL2A	BCL2			ENSG00000171791			rs12454712-T	rs12454712	0	12454712	intron_variant	0	0.48	3E-12	11.522878745280337		1.06	1.05-1.08	Illumina [12557761] (imputed)	N	type II diabetes mellitus	http://www.ebi.ac.uk/efo/EFO_0001360	GCST007847	Genome-wide genotyping array
2019-05-22	30718926	Suzuki K	2019-02-04	Nat Genet	www.ncbi.nlm.nih.gov/pubmed/30718926	Identification of 28 new susceptibility loci for type 2 diabetes in the Japanese population.	Type 2 diabetes	36,614 Japanese ancestry cases, 155,150 Japanese ancestry controls	NA	11p15.4	11	2822573	INS-IGF2, KCNQ1	KCNQ1, KCNQ1			ENSG00000282076, ENSG00000053918			rs233449-G	rs233449	0	233449	intron_variant	0	0.82	5E-12	11.301029995663981	(Conditioned)			Illumina [12557761] (imputed)	N	type II diabetes mellitus	http://www.ebi.ac.uk/efo/EFO_0001360	GCST007847	Genome-wide genotyping array
2019-05-22	30718926	Suzuki K	2019-02-04	Nat Genet	www.ncbi.nlm.nih.gov/pubmed/30718926	Identification of 28 new susceptibility loci for type 2 diabetes in the Japanese population.	Type 2 diabetes	36,614 Japanese ancestry cases, 155,150 Japanese ancestry controls	NA	7p13	7	44135258	GCK	RNA5SP230 - MYL7	ENSG00000252848	ENSG00000106631		9385	3606	rs2908279-G	rs2908279	0	2908279	regulatory_region_variant	1	0.6	5E-12	11.301029995663981		1.07	1.05-1.09	Illumina [12557761] (imputed)	N	type II diabetes mellitus	http://www.ebi.ac.uk/efo/EFO_0001360	GCST007847	Genome-wide genotyping array
2019-05-22	30718926	Suzuki K	2019-02-04	Nat Genet	www.ncbi.nlm.nih.gov/pubmed/30718926	Identification of 28 new susceptibility loci for type 2 diabetes in the Japanese population.	Type 2 diabetes	36,614 Japanese ancestry cases, 155,150 Japanese ancestry controls	NA	12q24.31	12	120890006	HNF1A	SPPL3			ENSG00000157837			rs187150787-A	rs187150787	0	187150787	intron_variant	0	0.04	6E-12	11.221848749616356		1.2	1.14-1.27	Illumina [12557761] (imputed)	N	type II diabetes mellitus	http://www.ebi.ac.uk/efo/EFO_0001360	GCST007847	Genome-wide genotyping array
2019-05-22	30718926	Suzuki K	2019-02-04	Nat Genet	www.ncbi.nlm.nih.gov/pubmed/30718926	Identification of 28 new susceptibility loci for type 2 diabetes in the Japanese population.	Type 2 diabetes	36,614 Japanese ancestry cases, 155,150 Japanese ancestry controls	NA	9p24.2	9	4289050	GLIS3	GLIS3			ENSG00000107249			rs7034200-A	rs7034200	0	7034200	intron_variant	0	0.41	8E-12	11.096910013008056		1.06	1.04-1.08	Illumina [12557761] (imputed)	N	type II diabetes mellitus	http://www.ebi.ac.uk/efo/EFO_0001360	GCST007847	Genome-wide genotyping array
2019-05-22	30718926	Suzuki K	2019-02-04	Nat Genet	www.ncbi.nlm.nih.gov/pubmed/30718926	Identification of 28 new susceptibility loci for type 2 diabetes in the Japanese population.	Type 2 diabetes	36,614 Japanese ancestry cases, 155,150 Japanese ancestry controls	NA	6q22.1	6	117675468	NUS1	NEPNP - NUS1	ENSG00000218233	ENSG00000153989		30381	1	rs80196932-T	rs80196932	0	80196932	TF_binding_site_variant	1	0.75	8E-12	11.096910013008056		1.07	1.05-1.10	Illumina [12557761] (imputed)	N	type II diabetes mellitus	http://www.ebi.ac.uk/efo/EFO_0001360	GCST007847	Genome-wide genotyping array
2019-05-22	30718926	Suzuki K	2019-02-04	Nat Genet	www.ncbi.nlm.nih.gov/pubmed/30718926	Identification of 28 new susceptibility loci for type 2 diabetes in the Japanese population.	Type 2 diabetes	36,614 Japanese ancestry cases, 155,150 Japanese ancestry controls	NA	3p24.3	3	23588428	UBE2E2	UBE2E2			ENSG00000182247			rs112332300-CT	rs112332300	0	112332300	intron_variant	0	0.46	1E-11	11.0	(Conditioned)			Illumina [12557761] (imputed)	N	type II diabetes mellitus	http://www.ebi.ac.uk/efo/EFO_0001360	GCST007847	Genome-wide genotyping array
2019-05-22	30718926	Suzuki K	2019-02-04	Nat Genet	www.ncbi.nlm.nih.gov/pubmed/30718926	Identification of 28 new susceptibility loci for type 2 diabetes in the Japanese population.	Type 2 diabetes	36,614 Japanese ancestry cases, 155,150 Japanese ancestry controls	NA	15q24.3	15	77489993	HMG20A	HMG20A - AC046168.1	ENSG00000140382	ENSG00000259362		4386	35547	rs12910361-G	rs12910361	0	12910361	intergenic_variant	1	0.41	1E-11	11.0		1.06	1.04-1.08	Illumina [12557761] (imputed)	N	type II diabetes mellitus	http://www.ebi.ac.uk/efo/EFO_0001360	GCST007847	Genome-wide genotyping array
2019-05-22	30718926	Suzuki K	2019-02-04	Nat Genet	www.ncbi.nlm.nih.gov/pubmed/30718926	Identification of 28 new susceptibility loci for type 2 diabetes in the Japanese population.	Type 2 diabetes	36,614 Japanese ancestry cases, 155,150 Japanese ancestry controls	NA	11q13.4	11	72717127	CENTD2, ARAP1	ARAP1			ENSG00000186635			rs76550717-A	rs76550717	0	76550717	intron_variant	0	0.95	1E-11	11.0		1.16	1.11-1.20	Illumina [12557761] (imputed)	N	type II diabetes mellitus	http://www.ebi.ac.uk/efo/EFO_0001360	GCST007847	Genome-wide genotyping array
2019-05-22	30718926	Suzuki K	2019-02-04	Nat Genet	www.ncbi.nlm.nih.gov/pubmed/30718926	Identification of 28 new susceptibility loci for type 2 diabetes in the Japanese population.	Type 2 diabetes	36,614 Japanese ancestry cases, 155,150 Japanese ancestry controls	NA	1p32.3	1	50637596	FAF1	FAF1			ENSG00000185104			rs12031188-C	rs12031188	0	12031188	intron_variant	0	0.8	3E-11	10.522878745280337		1.08	1.06-1.11	Illumina [12557761] (imputed)	N	type II diabetes mellitus	http://www.ebi.ac.uk/efo/EFO_0001360	GCST007847	Genome-wide genotyping array
2019-05-22	30718926	Suzuki K	2019-02-04	Nat Genet	www.ncbi.nlm.nih.gov/pubmed/30718926	Identification of 28 new susceptibility loci for type 2 diabetes in the Japanese population.	Type 2 diabetes	36,614 Japanese ancestry cases, 155,150 Japanese ancestry controls	NA	19p12	19	22074756	ZNF257	ZNF257			ENSG00000197134			rs148316037-T	rs148316037	0	148316037	intron_variant	0	0.97	5E-11	10.301029995663981		1.26	1.17-1.34	Illumina [12557761] (imputed)	N	type II diabetes mellitus	http://www.ebi.ac.uk/efo/EFO_0001360	GCST007847	Genome-wide genotyping array
2019-05-22	30718926	Suzuki K	2019-02-04	Nat Genet	www.ncbi.nlm.nih.gov/pubmed/30718926	Identification of 28 new susceptibility loci for type 2 diabetes in the Japanese population.	Type 2 diabetes	36,614 Japanese ancestry cases, 155,150 Japanese ancestry controls	NA	7p21.2	7	15020804	DGKB	GTF3AP5 - AC006458.1	ENSG00000225816	ENSG00000227489		34730	45403	rs10231021-A	rs10231021	0	10231021	intergenic_variant	1	0.64	8E-11	10.096910013008056		1.06	1.04-1.08	Illumina [12557761] (imputed)	N	type II diabetes mellitus	http://www.ebi.ac.uk/efo/EFO_0001360	GCST007847	Genome-wide genotyping array
2019-05-22	30718926	Suzuki K	2019-02-04	Nat Genet	www.ncbi.nlm.nih.gov/pubmed/30718926	Identification of 28 new susceptibility loci for type 2 diabetes in the Japanese population.	Type 2 diabetes	36,614 Japanese ancestry cases, 155,150 Japanese ancestry controls	NA	15q14	15	38528446	RASGRP1	AC116158.2, RASGRP1			ENSG00000259598, ENSG00000172575			rs11073333-G	rs11073333	0	11073333	intron_variant	0	0.47	1E-10	10.0		1.06	1.04-1.08	Illumina [12557761] (imputed)	N	type II diabetes mellitus	http://www.ebi.ac.uk/efo/EFO_0001360	GCST007847	Genome-wide genotyping array
2019-05-22	30718926	Suzuki K	2019-02-04	Nat Genet	www.ncbi.nlm.nih.gov/pubmed/30718926	Identification of 28 new susceptibility loci for type 2 diabetes in the Japanese population.	Type 2 diabetes	36,614 Japanese ancestry cases, 155,150 Japanese ancestry controls	NA	15q26.1	15	90968837	PRC1	PRC1, AC068831.7, PRC1-AS1			ENSG00000198901, ENSG00000284946, ENSG00000258725			rs2290203-A	rs2290203	0	2290203	3_prime_UTR_variant	0	0.47	2E-10	9.698970004336019		1.06	1.04-1.08	Illumina [12557761] (imputed)	N	type II diabetes mellitus	http://www.ebi.ac.uk/efo/EFO_0001360	GCST007847	Genome-wide genotyping array
2019-05-22	30718926	Suzuki K	2019-02-04	Nat Genet	www.ncbi.nlm.nih.gov/pubmed/30718926	Identification of 28 new susceptibility loci for type 2 diabetes in the Japanese population.	Type 2 diabetes	36,614 Japanese ancestry cases, 155,150 Japanese ancestry controls	NA	2p25.3	2	640987	TMEM18	AC093326.1 - TMEM18	ENSG00000233633	ENSG00000151353		62842	22890	rs72156956-C	rs72156956	0	72156956	intergenic_variant	1	0.9	3E-10	9.522878745280337		1.1	1.07-1.13	Illumina [12557761] (imputed)	N	type II diabetes mellitus	http://www.ebi.ac.uk/efo/EFO_0001360	GCST007847	Genome-wide genotyping array
2019-05-22	30718926	Suzuki K	2019-02-04	Nat Genet	www.ncbi.nlm.nih.gov/pubmed/30718926	Identification of 28 new susceptibility loci for type 2 diabetes in the Japanese population.	Type 2 diabetes	36,614 Japanese ancestry cases, 155,150 Japanese ancestry controls	NA	5q35.2	5	177086895	FGFR4, ZNF346	ZNF346 - FGFR4	ENSG00000113761	ENSG00000160867		5706	10	rs3135911-A	rs3135911	0	3135911	regulatory_region_variant	1	0.44	4E-10	9.397940008672037		1.06	1.04-1.08	Illumina [12557761] (imputed)	N	type II diabetes mellitus	http://www.ebi.ac.uk/efo/EFO_0001360	GCST007847	Genome-wide genotyping array
2019-05-22	30718926	Suzuki K	2019-02-04	Nat Genet	www.ncbi.nlm.nih.gov/pubmed/30718926	Identification of 28 new susceptibility loci for type 2 diabetes in the Japanese population.	Type 2 diabetes	36,614 Japanese ancestry cases, 155,150 Japanese ancestry controls	NA	4p16.3	4	1782676	MAEA	TACC3 - FGFR3	ENSG00000013810	ENSG00000068078		37500	10617	rs56337234-C	rs56337234	0	56337234	regulatory_region_variant	1	0.28	7E-10	9.154901959985743		1.0752687	[1.05-1.1]	Illumina [12557761] (imputed)	N	type II diabetes mellitus	http://www.ebi.ac.uk/efo/EFO_0001360	GCST007847	Genome-wide genotyping array
2019-05-22	30718926	Suzuki K	2019-02-04	Nat Genet	www.ncbi.nlm.nih.gov/pubmed/30718926	Identification of 28 new susceptibility loci for type 2 diabetes in the Japanese population.	Type 2 diabetes	36,614 Japanese ancestry cases, 155,150 Japanese ancestry controls	NA	6p21.33	6	31148749	POU5F1, TCF19	CCHCR1, CCHCR1, CCHCR1, CCHCR1, CCHCR1, CCHCR1			ENSG00000204536, ENSG00000223533, ENSG00000206457, ENSG00000206355, ENSG00000224180, ENSG00000234114			rs115321690-G	rs115321690	1	3132535	intron_variant	0	0.6	8E-10	9.096910013008056		1.06	1.04-1.08	Illumina [12557761] (imputed)	N	type II diabetes mellitus	http://www.ebi.ac.uk/efo/EFO_0001360	GCST007847	Genome-wide genotyping array
2019-05-22	30718926	Suzuki K	2019-02-04	Nat Genet	www.ncbi.nlm.nih.gov/pubmed/30718926	Identification of 28 new susceptibility loci for type 2 diabetes in the Japanese population.	Type 2 diabetes	36,614 Japanese ancestry cases, 155,150 Japanese ancestry controls	NA	2q24.3	2	164525008	GRB14	GRB14			ENSG00000115290			rs75536691-A	rs75536691	0	75536691	missense_variant	0	0.98	9E-10	9.045757490560675		1.21	1.14-1.29	Illumina [12557761] (imputed)	N	type II diabetes mellitus	http://www.ebi.ac.uk/efo/EFO_0001360	GCST007847	Genome-wide genotyping array
2019-05-22	30718926	Suzuki K	2019-02-04	Nat Genet	www.ncbi.nlm.nih.gov/pubmed/30718926	Identification of 28 new susceptibility loci for type 2 diabetes in the Japanese population.	Type 2 diabetes	36,614 Japanese ancestry cases, 155,150 Japanese ancestry controls	NA	6p21.2	6	39314595	KCNK16	KCNK17 - KCNK16	ENSG00000124780	ENSG00000095981		134	103	rs34247110-A	rs34247110	0	34247110	regulatory_region_variant	1	0.37	1E-9	9.0		1.06	1.04-1.08	Illumina [12557761] (imputed)	N	type II diabetes mellitus	http://www.ebi.ac.uk/efo/EFO_0001360	GCST007847	Genome-wide genotyping array
2019-05-22	30718926	Suzuki K	2019-02-04	Nat Genet	www.ncbi.nlm.nih.gov/pubmed/30718926	Identification of 28 new susceptibility loci for type 2 diabetes in the Japanese population.	Type 2 diabetes	36,614 Japanese ancestry cases, 155,150 Japanese ancestry controls	NA	11p15.5	11	2269820	INS-IGF2, KCNQ1	ASCL2			ENSG00000183734			rs116549635-A	rs116549635	0	116549635	synonymous_variant	0	0.057	1E-9	9.0	(Conditioned)			Illumina [12557761] (imputed)	N	type II diabetes mellitus	http://www.ebi.ac.uk/efo/EFO_0001360	GCST007847	Genome-wide genotyping array
2019-05-22	30718926	Suzuki K	2019-02-04	Nat Genet	www.ncbi.nlm.nih.gov/pubmed/30718926	Identification of 28 new susceptibility loci for type 2 diabetes in the Japanese population.	Type 2 diabetes	36,614 Japanese ancestry cases, 155,150 Japanese ancestry controls	NA	1p36.12	1	21741833	USP48	USP48			ENSG00000090686			rs1825307-A	rs1825307	0	1825307	intron_variant	0	0.25	2E-9	8.698970004336019		1.06	1.04-1.09	Illumina [12557761] (imputed)	N	type II diabetes mellitus	http://www.ebi.ac.uk/efo/EFO_0001360	GCST007847	Genome-wide genotyping array
2019-05-22	30718926	Suzuki K	2019-02-04	Nat Genet	www.ncbi.nlm.nih.gov/pubmed/30718926	Identification of 28 new susceptibility loci for type 2 diabetes in the Japanese population.	Type 2 diabetes	36,614 Japanese ancestry cases, 155,150 Japanese ancestry controls	NA	20q13.2	20	51538847	NFATC2	NFATC2			ENSG00000101096			rs6021276-T	rs6021276	0	6021276	intron_variant	0	0.43	2E-9	8.698970004336019		1.06	1.04-1.07	Illumina [12557761] (imputed)	N	type II diabetes mellitus	http://www.ebi.ac.uk/efo/EFO_0001360	GCST007847	Genome-wide genotyping array
2019-05-22	30718926	Suzuki K	2019-02-04	Nat Genet	www.ncbi.nlm.nih.gov/pubmed/30718926	Identification of 28 new susceptibility loci for type 2 diabetes in the Japanese population.	Type 2 diabetes	36,614 Japanese ancestry cases, 155,150 Japanese ancestry controls	NA	2q37.1	2	233394635	DGKD	DGKD, DGKD			ENSG00000280873, ENSG00000077044			rs838720-G	rs838720	0	838720	intron_variant	0	0.45	2E-9	8.698970004336019		1.05	1.04-1.07	Illumina [12557761] (imputed)	N	type II diabetes mellitus	http://www.ebi.ac.uk/efo/EFO_0001360	GCST007847	Genome-wide genotyping array
2019-05-22	30718926	Suzuki K	2019-02-04	Nat Genet	www.ncbi.nlm.nih.gov/pubmed/30718926	Identification of 28 new susceptibility loci for type 2 diabetes in the Japanese population.	Type 2 diabetes	36,614 Japanese ancestry cases, 155,150 Japanese ancestry controls	NA	4p12	4	45184122	GNPDA2	AC108467.1 - THAP12P9	ENSG00000248744	ENSG00000248320		132470	139131	rs10938398-A	rs10938398	0	10938398	intergenic_variant	1	0.3	2E-9	8.698970004336019		1.06	1.04-1.08	Illumina [12557761] (imputed)	N	type II diabetes mellitus	http://www.ebi.ac.uk/efo/EFO_0001360	GCST007847	Genome-wide genotyping array
2019-05-22	30718926	Suzuki K	2019-02-04	Nat Genet	www.ncbi.nlm.nih.gov/pubmed/30718926	Identification of 28 new susceptibility loci for type 2 diabetes in the Japanese population.	Type 2 diabetes	36,614 Japanese ancestry cases, 155,150 Japanese ancestry controls	NA	10q22.2	10	75554859	C10orf11, ZNF503	LRMDA			ENSG00000148655			rs7900112-T	rs7900112	0	7900112	intron_variant	0	0.51	2E-9	8.698970004336019		1.05	1.04-1.07	Illumina [12557761] (imputed)	N	type II diabetes mellitus	http://www.ebi.ac.uk/efo/EFO_0001360	GCST007847	Genome-wide genotyping array
2019-05-22	30718926	Suzuki K	2019-02-04	Nat Genet	www.ncbi.nlm.nih.gov/pubmed/30718926	Identification of 28 new susceptibility loci for type 2 diabetes in the Japanese population.	Type 2 diabetes	36,614 Japanese ancestry cases, 155,150 Japanese ancestry controls	NA	7p21.2	7	13849074	ETV1, ARL4A	AC011287.1 - AC005019.2	ENSG00000229618	ENSG00000224330		97154	5281	rs56805921-C	rs56805921	0	56805921	regulatory_region_variant	1	0.43	3E-9	8.522878745280337		1.06	1.04-1.08	Illumina [12557761] (imputed)	N	type II diabetes mellitus	http://www.ebi.ac.uk/efo/EFO_0001360	GCST007847	Genome-wide genotyping array
2019-05-22	30718926	Suzuki K	2019-02-04	Nat Genet	www.ncbi.nlm.nih.gov/pubmed/30718926	Identification of 28 new susceptibility loci for type 2 diabetes in the Japanese population.	Type 2 diabetes	36,614 Japanese ancestry cases, 155,150 Japanese ancestry controls	NA	10q22.1	10	69513601	VPS26A	TSPAN15 - TMEM256P1	ENSG00000099282	ENSG00000233197		5935	9710	rs1955163-G	rs1955163	0	1955163	regulatory_region_variant	1	0.51	3E-9	8.522878745280337		1.05	1.04-1.07	Illumina [12557761] (imputed)	N	type II diabetes mellitus	http://www.ebi.ac.uk/efo/EFO_0001360	GCST007847	Genome-wide genotyping array
2019-05-22	30718926	Suzuki K	2019-02-04	Nat Genet	www.ncbi.nlm.nih.gov/pubmed/30718926	Identification of 28 new susceptibility loci for type 2 diabetes in the Japanese population.	Type 2 diabetes	36,614 Japanese ancestry cases, 155,150 Japanese ancestry controls	NA	1p32.3	1	50790419	FAF1	FAF1			ENSG00000185104			rs58432198-C	rs58432198	0	58432198	intron_variant	0	0.91	3E-9	8.522878745280337		1.098901	[1.06-1.14]	Illumina [12557761] (imputed)	N	type II diabetes mellitus	http://www.ebi.ac.uk/efo/EFO_0001360	GCST007847	Genome-wide genotyping array
2019-05-22	30718926	Suzuki K	2019-02-04	Nat Genet	www.ncbi.nlm.nih.gov/pubmed/30718926	Identification of 28 new susceptibility loci for type 2 diabetes in the Japanese population.	Type 2 diabetes	36,614 Japanese ancestry cases, 155,150 Japanese ancestry controls	NA	7q32.2	7	130385872	KLF14	CPA1			ENSG00000091704			rs77792157-G	rs77792157	0	77792157	missense_variant	0	0.95	3E-9	8.522878745280337		1.15	1.10-1.20	Illumina [12557761] (imputed)	N	type II diabetes mellitus	http://www.ebi.ac.uk/efo/EFO_0001360	GCST007847	Genome-wide genotyping array
2019-05-22	30718926	Suzuki K	2019-02-04	Nat Genet	www.ncbi.nlm.nih.gov/pubmed/30718926	Identification of 28 new susceptibility loci for type 2 diabetes in the Japanese population.	Type 2 diabetes	36,614 Japanese ancestry cases, 155,150 Japanese ancestry controls	NA	10q26.12	10	121169979	WDR11, FGFR2	RPL19P16 - LINC01153	ENSG00000236762	ENSG00000227143		36256	8721	rs10886863-C	rs10886863	0	10886863	intergenic_variant	1	0.7	3E-9	8.522878745280337		1.06	1.04-1.08	Illumina [12557761] (imputed)	N	type II diabetes mellitus	http://www.ebi.ac.uk/efo/EFO_0001360	GCST007847	Genome-wide genotyping array
2019-05-22	30718926	Suzuki K	2019-02-04	Nat Genet	www.ncbi.nlm.nih.gov/pubmed/30718926	Identification of 28 new susceptibility loci for type 2 diabetes in the Japanese population.	Type 2 diabetes	36,614 Japanese ancestry cases, 155,150 Japanese ancestry controls	NA	4q13.3	4	70882528	GRSF1, MOB1B	RNU6-891P - MOB1B	ENSG00000207007	ENSG00000173542		30288	19798	rs12649012-G	rs12649012	0	12649012	intergenic_variant	1	0.21	3E-9	8.522878745280337		1.07	1.04-1.09	Illumina [12557761] (imputed)	N	type II diabetes mellitus	http://www.ebi.ac.uk/efo/EFO_0001360	GCST007847	Genome-wide genotyping array
2019-05-22	30718926	Suzuki K	2019-02-04	Nat Genet	www.ncbi.nlm.nih.gov/pubmed/30718926	Identification of 28 new susceptibility loci for type 2 diabetes in the Japanese population.	Type 2 diabetes	36,614 Japanese ancestry cases, 155,150 Japanese ancestry controls	NA	20q13.12	20	44361137	HNF4A	HNF4A			ENSG00000101076			rs16988991-A	rs16988991	0	16988991	intron_variant	0	0.45	4E-9	8.397940008672037		1.05	1.04-1.07	Illumina [12557761] (imputed)	N	type II diabetes mellitus	http://www.ebi.ac.uk/efo/EFO_0001360	GCST007847	Genome-wide genotyping array
2019-05-22	30718926	Suzuki K	2019-02-04	Nat Genet	www.ncbi.nlm.nih.gov/pubmed/30718926	Identification of 28 new susceptibility loci for type 2 diabetes in the Japanese population.	Type 2 diabetes	36,614 Japanese ancestry cases, 155,150 Japanese ancestry controls	NA	Xp11.21	X	57144349	SPIN2A, FAAH2	SPIN2A - PPP1R11P2	ENSG00000147059	ENSG00000231765		6724	84685	rs144226500-AT	rs144226500	0	144226500	intergenic_variant	1	0.3	5E-9	8.301029995663981		1.05	1.03-1.06	Illumina [12557761] (imputed)	N	type II diabetes mellitus	http://www.ebi.ac.uk/efo/EFO_0001360	GCST007847	Genome-wide genotyping array
2019-05-22	30718926	Suzuki K	2019-02-04	Nat Genet	www.ncbi.nlm.nih.gov/pubmed/30718926	Identification of 28 new susceptibility loci for type 2 diabetes in the Japanese population.	Type 2 diabetes	36,614 Japanese ancestry cases, 155,150 Japanese ancestry controls	NA	Xp11.23	X	48866249	TIMM17B, PCSK1N	PCSK1N - PQBP1	ENSG00000102109	ENSG00000102103		30639	23948	rs782100977-C	rs782100977	0	782100977	intergenic_variant	1	0.63	5E-9	8.301029995663981		1.06	1.04-1.08	Illumina [12557761] (imputed)	N	type II diabetes mellitus	http://www.ebi.ac.uk/efo/EFO_0001360	GCST007847	Genome-wide genotyping array
2019-05-22	30718926	Suzuki K	2019-02-04	Nat Genet	www.ncbi.nlm.nih.gov/pubmed/30718926	Identification of 28 new susceptibility loci for type 2 diabetes in the Japanese population.	Type 2 diabetes	36,614 Japanese ancestry cases, 155,150 Japanese ancestry controls	NA	13q14.3	13	50514673	DLEU7, KCNRG	DLEU1			ENSG00000176124			rs123378-G	rs123378	0	123378	intron_variant	0	0.22	5E-9	8.301029995663981		1.06	1.04-1.09	Illumina [12557761] (imputed)	N	type II diabetes mellitus	http://www.ebi.ac.uk/efo/EFO_0001360	GCST007847	Genome-wide genotyping array
2019-05-22	30718926	Suzuki K	2019-02-04	Nat Genet	www.ncbi.nlm.nih.gov/pubmed/30718926	Identification of 28 new susceptibility loci for type 2 diabetes in the Japanese population.	Type 2 diabetes	36,614 Japanese ancestry cases, 155,150 Japanese ancestry controls	NA	2q23.1	2	148697816	EPC2	EPC2			ENSG00000135999			rs16829174-A	rs16829174	0	16829174	intron_variant	0	0.59	5E-9	8.301029995663981		1.05	1.03-1.07	Illumina [12557761] (imputed)	N	type II diabetes mellitus	http://www.ebi.ac.uk/efo/EFO_0001360	GCST007847	Genome-wide genotyping array
2019-05-22	30718926	Suzuki K	2019-02-04	Nat Genet	www.ncbi.nlm.nih.gov/pubmed/30718926	Identification of 28 new susceptibility loci for type 2 diabetes in the Japanese population.	Type 2 diabetes	36,614 Japanese ancestry cases, 155,150 Japanese ancestry controls	NA	3q21.1	3	122238106	CASR, CD86	CASR			ENSG00000036828			rs2134223-A	rs2134223	0	2134223	intron_variant	0	0.47	5E-9	8.301029995663981		1.05	1.03-1.07	Illumina [12557761] (imputed)	N	type II diabetes mellitus	http://www.ebi.ac.uk/efo/EFO_0001360	GCST007847	Genome-wide genotyping array
2019-05-22	30718926	Suzuki K	2019-02-04	Nat Genet	www.ncbi.nlm.nih.gov/pubmed/30718926	Identification of 28 new susceptibility loci for type 2 diabetes in the Japanese population.	Type 2 diabetes	36,614 Japanese ancestry cases, 155,150 Japanese ancestry controls	NA	11p13	11	35416316	SLC1A2	SLC1A2			ENSG00000110436			rs2421897-G	rs2421897	0	2421897	intron_variant	0	0.88	7E-9	8.154901959985743		1.08	1.05-1.11	Illumina [12557761] (imputed)	N	type II diabetes mellitus	http://www.ebi.ac.uk/efo/EFO_0001360	GCST007847	Genome-wide genotyping array
2019-05-22	30718926	Suzuki K	2019-02-04	Nat Genet	www.ncbi.nlm.nih.gov/pubmed/30718926	Identification of 28 new susceptibility loci for type 2 diabetes in the Japanese population.	Type 2 diabetes	36,614 Japanese ancestry cases, 155,150 Japanese ancestry controls	NA	17p13.2	17	4121530	ZZEF1	ZZEF1			ENSG00000074755			rs113547729-A	rs113547729	0	113547729	intron_variant	0	0.12	8E-9	8.096910013008056		1.09	1.06-1.12	Illumina [12557761] (imputed)	N	type II diabetes mellitus	http://www.ebi.ac.uk/efo/EFO_0001360	GCST007847	Genome-wide genotyping array
2019-05-22	30718926	Suzuki K	2019-02-04	Nat Genet	www.ncbi.nlm.nih.gov/pubmed/30718926	Identification of 28 new susceptibility loci for type 2 diabetes in the Japanese population.	Type 2 diabetes	36,614 Japanese ancestry cases, 155,150 Japanese ancestry controls	NA	5q11.1	5	50657625	PARP8, EMB	AC112187.1 - AC112187.3	ENSG00000213956	ENSG00000271752		24023	5234	rs16884025-C	rs16884025	0	16884025	regulatory_region_variant	1	0.93	8E-9	8.096910013008056		1.14	1.09-1.19	Illumina [12557761] (imputed)	N	type II diabetes mellitus	http://www.ebi.ac.uk/efo/EFO_0001360	GCST007847	Genome-wide genotyping array
2019-05-22	30718926	Suzuki K	2019-02-04	Nat Genet	www.ncbi.nlm.nih.gov/pubmed/30718926	Identification of 28 new susceptibility loci for type 2 diabetes in the Japanese population.	Type 2 diabetes	36,614 Japanese ancestry cases, 155,150 Japanese ancestry controls	NA	3p25.2	3	12343858	PPARG	PPARG			ENSG00000132170			rs3963364-C	rs3963364	0	3963364	intron_variant	0	0.96	9E-9	8.045757490560675		1.16	1.10-1.22	Illumina [12557761] (imputed)	N	type II diabetes mellitus	http://www.ebi.ac.uk/efo/EFO_0001360	GCST007847	Genome-wide genotyping array
2019-05-22	30718926	Suzuki K	2019-02-04	Nat Genet	www.ncbi.nlm.nih.gov/pubmed/30718926	Identification of 28 new susceptibility loci for type 2 diabetes in the Japanese population.	Type 2 diabetes	36,614 Japanese ancestry cases, 155,150 Japanese ancestry controls	NA	11q24.3	11	128519496	ETS1	ETS1			ENSG00000134954			rs11819995-T	rs11819995	0	11819995	intron_variant	0	0.22	1E-8	8.0		1.06	1.04-1.08	Illumina [12557761] (imputed)	N	type II diabetes mellitus	http://www.ebi.ac.uk/efo/EFO_0001360	GCST007847	Genome-wide genotyping array
2019-05-22	30718926	Suzuki K	2019-02-04	Nat Genet	www.ncbi.nlm.nih.gov/pubmed/30718926	Identification of 28 new susceptibility loci for type 2 diabetes in the Japanese population.	Type 2 diabetes	36,614 Japanese ancestry cases, 155,150 Japanese ancestry controls	NA	7q32.1	7	128050855	GCC1, PAX4	SND1			ENSG00000197157			rs150626020-T	rs150626020	0	150626020	intron_variant	0	0.026	1E-8	8.0		1.19	1.12-1.26	Illumina [12557761] (imputed)	N	type II diabetes mellitus	http://www.ebi.ac.uk/efo/EFO_0001360	GCST007847	Genome-wide genotyping array
2019-05-22	30718926	Suzuki K	2019-02-04	Nat Genet	www.ncbi.nlm.nih.gov/pubmed/30718926	Identification of 28 new susceptibility loci for type 2 diabetes in the Japanese population.	Type 2 diabetes	36,614 Japanese ancestry cases, 155,150 Japanese ancestry controls	NA	7q36.3	7	157246109	MNX1	UBE3C			ENSG00000009335			rs1182389-G	rs1182389	0	1182389	intron_variant	0	0.46	1E-8	8.0		1.05	1.03-1.07	Illumina [12557761] (imputed)	N	type II diabetes mellitus	http://www.ebi.ac.uk/efo/EFO_0001360	GCST007847	Genome-wide genotyping array
2019-05-22	30718926	Suzuki K	2019-02-04	Nat Genet	www.ncbi.nlm.nih.gov/pubmed/30718926	Identification of 28 new susceptibility loci for type 2 diabetes in the Japanese population.	Type 2 diabetes	36,614 Japanese ancestry cases, 155,150 Japanese ancestry controls	NA	12q23.3	12	108219374	WSCD2	WSCD2			ENSG00000075035			rs11113776-G	rs11113776	0	11113776	intron_variant	0	0.46	1E-8	8.0		1.05	1.03-1.07	Illumina [12557761] (imputed)	N	type II diabetes mellitus	http://www.ebi.ac.uk/efo/EFO_0001360	GCST007847	Genome-wide genotyping array
2019-05-22	30718926	Suzuki K	2019-02-04	Nat Genet	www.ncbi.nlm.nih.gov/pubmed/30718926	Identification of 28 new susceptibility loci for type 2 diabetes in the Japanese population.	Type 2 diabetes	36,614 Japanese ancestry cases, 155,150 Japanese ancestry controls	NA	2p16.1	2	58694642	FANCL, BCL11A	LINC01122			ENSG00000233723			rs13417036-A	rs13417036	0	13417036	intron_variant	0	0.16	2E-8	7.698970004336019		1.07	1.05-1.10	Illumina [12557761] (imputed)	N	type II diabetes mellitus	http://www.ebi.ac.uk/efo/EFO_0001360	GCST007847	Genome-wide genotyping array
2019-05-22	30718926	Suzuki K	2019-02-04	Nat Genet	www.ncbi.nlm.nih.gov/pubmed/30718926	Identification of 28 new susceptibility loci for type 2 diabetes in the Japanese population.	Type 2 diabetes	36,614 Japanese ancestry cases, 155,150 Japanese ancestry controls	NA	4p16.1	4	6331942	WFS1	PPP2R2C			ENSG00000074211			rs35678078-T	rs35678078	0	35678078	intron_variant	0	0.5	2E-8	7.698970004336019		1.06	1.04-1.08	Illumina [12557761] (imputed)	N	type II diabetes mellitus	http://www.ebi.ac.uk/efo/EFO_0001360	GCST007847	Genome-wide genotyping array
2019-05-22	30718926	Suzuki K	2019-02-04	Nat Genet	www.ncbi.nlm.nih.gov/pubmed/30718926	Identification of 28 new susceptibility loci for type 2 diabetes in the Japanese population.	Type 2 diabetes	36,614 Japanese ancestry cases, 155,150 Japanese ancestry controls	NA	5q11.2	5	52798411	ITGA1	PELO, ITGA1			ENSG00000152684, ENSG00000213949			rs11410487-A	rs11410487	0	11410487	intron_variant	0	0.17	2E-8	7.698970004336019		1.07	1.04-1.09	Illumina [12557761] (imputed)	N	type II diabetes mellitus	http://www.ebi.ac.uk/efo/EFO_0001360	GCST007847	Genome-wide genotyping array
2019-05-22	30718926	Suzuki K	2019-02-04	Nat Genet	www.ncbi.nlm.nih.gov/pubmed/30718926	Identification of 28 new susceptibility loci for type 2 diabetes in the Japanese population.	Type 2 diabetes	36,614 Japanese ancestry cases, 155,150 Japanese ancestry controls	NA	2q14.2	2	119473494	SCTR	SCTR			ENSG00000080293			rs3731600-C	rs3731600	0	3731600	missense_variant	0	0.95	2E-8	7.698970004336019		1.13	1.08-1.18	Illumina [12557761] (imputed)	N	type II diabetes mellitus	http://www.ebi.ac.uk/efo/EFO_0001360	GCST007847	Genome-wide genotyping array
2019-05-22	30718926	Suzuki K	2019-02-04	Nat Genet	www.ncbi.nlm.nih.gov/pubmed/30718926	Identification of 28 new susceptibility loci for type 2 diabetes in the Japanese population.	Type 2 diabetes	36,614 Japanese ancestry cases, 155,150 Japanese ancestry controls	NA	12q24.23	12	117968891	KSR2	KSR2			ENSG00000171435			rs79310463-T	rs79310463	0	79310463	5_prime_UTR_variant	0	0.26	2E-8	7.698970004336019		1.06	1.04-1.08	Illumina [12557761] (imputed)	N	type II diabetes mellitus	http://www.ebi.ac.uk/efo/EFO_0001360	GCST007847	Genome-wide genotyping array
2019-05-22	30718926	Suzuki K	2019-02-04	Nat Genet	www.ncbi.nlm.nih.gov/pubmed/30718926	Identification of 28 new susceptibility loci for type 2 diabetes in the Japanese population.	Type 2 diabetes	36,614 Japanese ancestry cases, 155,150 Japanese ancestry controls	NA	10q26.13	10	122435969	PLEKHA1	BX842242.1, PLEKHA1			ENSG00000285955, ENSG00000107679			rs7072204-A	rs7072204	0	7072204	3_prime_UTR_variant	0	0.43	2E-8	7.698970004336019		1.05	1.03-1.07	Illumina [12557761] (imputed)	N	type II diabetes mellitus	http://www.ebi.ac.uk/efo/EFO_0001360	GCST007847	Genome-wide genotyping array
2019-05-22	30718926	Suzuki K	2019-02-04	Nat Genet	www.ncbi.nlm.nih.gov/pubmed/30718926	Identification of 28 new susceptibility loci for type 2 diabetes in the Japanese population.	Type 2 diabetes	36,614 Japanese ancestry cases, 155,150 Japanese ancestry controls	NA	Xp22.12	X	21551802	CNKSR2	CNKSR2			ENSG00000149970			rs6633421-A	rs6633421	0	6633421	intron_variant	0	0.68	3E-8	7.522878745280337		1.04	1.03-1.06	Illumina [12557761] (imputed)	N	type II diabetes mellitus	http://www.ebi.ac.uk/efo/EFO_0001360	GCST007847	Genome-wide genotyping array
2019-05-22	30718926	Suzuki K	2019-02-04	Nat Genet	www.ncbi.nlm.nih.gov/pubmed/30718926	Identification of 28 new susceptibility loci for type 2 diabetes in the Japanese population.	Type 2 diabetes	36,614 Japanese ancestry cases, 155,150 Japanese ancestry controls	NA	6p24.3	6	7226726	SSR1, RREB1	RREB1			ENSG00000124782			rs9505085-C	rs9505085	0	9505085	intron_variant	0	0.67	3E-8	7.522878745280337		1.05	1.03-1.07	Illumina [12557761] (imputed)	N	type II diabetes mellitus	http://www.ebi.ac.uk/efo/EFO_0001360	GCST007847	Genome-wide genotyping array
2019-05-22	30718926	Suzuki K	2019-02-04	Nat Genet	www.ncbi.nlm.nih.gov/pubmed/30718926	Identification of 28 new susceptibility loci for type 2 diabetes in the Japanese population.	Type 2 diabetes	36,614 Japanese ancestry cases, 155,150 Japanese ancestry controls	NA	8q24.11	8	117012076	SLC30A8	SLC30A8			ENSG00000164756			rs531347476-C	rs531347476	0	531347476	intron_variant	0	0.997	3E-8	7.522878745280337		2.16	1.64-2.83	Illumina [12557761] (imputed)	N	type II diabetes mellitus	http://www.ebi.ac.uk/efo/EFO_0001360	GCST007847	Genome-wide genotyping array
2019-05-22	30718926	Suzuki K	2019-02-04	Nat Genet	www.ncbi.nlm.nih.gov/pubmed/30718926	Identification of 28 new susceptibility loci for type 2 diabetes in the Japanese population.	Type 2 diabetes	36,614 Japanese ancestry cases, 155,150 Japanese ancestry controls	NA	15q26.1	15	89850718	AP3S2	MIR5094, ARPIN-AP3S2, AP3S2			ENSG00000264966, ENSG00000250021, ENSG00000157823			rs11435035-C	rs11435035	0	11435035	non_coding_transcript_exon_variant	0	0.34	3E-8	7.522878745280337		1.07	1.04-1.09	Illumina [12557761] (imputed)	N	type II diabetes mellitus	http://www.ebi.ac.uk/efo/EFO_0001360	GCST007847	Genome-wide genotyping array
2019-05-22	30718926	Suzuki K	2019-02-04	Nat Genet	www.ncbi.nlm.nih.gov/pubmed/30718926	Identification of 28 new susceptibility loci for type 2 diabetes in the Japanese population.	Type 2 diabetes	36,614 Japanese ancestry cases, 155,150 Japanese ancestry controls	NA	1q21.3	1	154337120	ATP8B2	ATP8B2			ENSG00000143515			rs68062313-TA	rs68062313	0	68062313	intron_variant	0	0.09	3E-8	7.522878745280337		1.1	1.06-1.13	Illumina [12557761] (imputed)	N	type II diabetes mellitus	http://www.ebi.ac.uk/efo/EFO_0001360	GCST007847	Genome-wide genotyping array
2019-05-22	30718926	Suzuki K	2019-02-04	Nat Genet	www.ncbi.nlm.nih.gov/pubmed/30718926	Identification of 28 new susceptibility loci for type 2 diabetes in the Japanese population.	Type 2 diabetes	36,614 Japanese ancestry cases, 155,150 Japanese ancestry controls	NA	17q21.2	17	42761348	MLX	RAMP2			ENSG00000131477			rs9892728-C	rs9892728	0	9892728	synonymous_variant	0	0.47	4E-8	7.3979400086720375		1.05	1.03-1.07	Illumina [12557761] (imputed)	N	type II diabetes mellitus	http://www.ebi.ac.uk/efo/EFO_0001360	GCST007847	Genome-wide genotyping array
2019-05-22	30718926	Suzuki K	2019-02-04	Nat Genet	www.ncbi.nlm.nih.gov/pubmed/30718926	Identification of 28 new susceptibility loci for type 2 diabetes in the Japanese population.	Type 2 diabetes	36,614 Japanese ancestry cases, 155,150 Japanese ancestry controls	NA	10q26.12	10	121077345	WDR11, FGFR2	AC010998.3 - RPL19P16	ENSG00000278484	ENSG00000236762		91749	55745	rs11199755-C	rs11199755	0	11199755	regulatory_region_variant	1	0.81	5E-8	7.301029995663981	(Conditioned)			Illumina [12557761] (imputed)	N	type II diabetes mellitus	http://www.ebi.ac.uk/efo/EFO_0001360	GCST007847	Genome-wide genotyping array
2019-05-22	30718926	Suzuki K	2019-02-04	Nat Genet	www.ncbi.nlm.nih.gov/pubmed/30718926	Identification of 28 new susceptibility loci for type 2 diabetes in the Japanese population.	Type 2 diabetes	36,614 Japanese ancestry cases, 155,150 Japanese ancestry controls	NA	6q22.33	6	127095785	SOGA3	AL356534.1			ENSG00000286215			rs2800733-A	rs2800733	0	2800733	non_coding_transcript_exon_variant	0	0.86	9E-8	7.045757490560675		1.0752687	[1.05-1.11]	Illumina [12557761] (imputed)	N	type II diabetes mellitus	http://www.ebi.ac.uk/efo/EFO_0001360	GCST007847	Genome-wide genotyping array
2019-05-22	30718926	Suzuki K	2019-02-04	Nat Genet	www.ncbi.nlm.nih.gov/pubmed/30718926	Identification of 28 new susceptibility loci for type 2 diabetes in the Japanese population.	Type 2 diabetes	36,614 Japanese ancestry cases, 155,150 Japanese ancestry controls	NA	15q24.3	15	77047154	HMG20A	TSPAN3			ENSG00000140391			rs377247337-G	rs377247337	0	377247337	intron_variant	0	0.99	1E-7	7.0		1.33	1.20-1.48	Illumina [12557761] (imputed)	N	type II diabetes mellitus	http://www.ebi.ac.uk/efo/EFO_0001360	GCST007847	Genome-wide genotyping array
2019-05-22	30718926	Suzuki K	2019-02-04	Nat Genet	www.ncbi.nlm.nih.gov/pubmed/30718926	Identification of 28 new susceptibility loci for type 2 diabetes in the Japanese population.	Type 2 diabetes	36,614 Japanese ancestry cases, 155,150 Japanese ancestry controls	NA	5q11.1	5	50927276	PARP8, EMB	AC022441.3 - AC022441.2	ENSG00000270830	ENSG00000251601		23533	2208	rs202178099-C	rs202178099	0	202178099	regulatory_region_variant	1	0.044	2E-7	6.698970004336019	(Conditioned)			Illumina [12557761] (imputed)	N	type II diabetes mellitus	http://www.ebi.ac.uk/efo/EFO_0001360	GCST007847	Genome-wide genotyping array
2019-05-22	30718926	Suzuki K	2019-02-04	Nat Genet	www.ncbi.nlm.nih.gov/pubmed/30718926	Identification of 28 new susceptibility loci for type 2 diabetes in the Japanese population.	Type 2 diabetes	36,614 Japanese ancestry cases, 155,150 Japanese ancestry controls	NA	3q27.3	3	186947857	ST6GAL1	ST6GAL1			ENSG00000073849			rs3887925-T	rs3887925	0	3887925	intron_variant	0	0.43	3E-7	6.522878745280337		1.05	1.03-1.06	Illumina [12557761] (imputed)	N	type II diabetes mellitus	http://www.ebi.ac.uk/efo/EFO_0001360	GCST007847	Genome-wide genotyping array
2019-05-22	30718926	Suzuki K	2019-02-04	Nat Genet	www.ncbi.nlm.nih.gov/pubmed/30718926	Identification of 28 new susceptibility loci for type 2 diabetes in the Japanese population.	Type 2 diabetes	36,614 Japanese ancestry cases, 155,150 Japanese ancestry controls	NA	19q13.11	19	33399932	PEPD	PEPD			ENSG00000124299			rs10406327-C	rs10406327	0	10406327	intron_variant	0	0.53	3E-7	6.522878745280337		1.0416667	[1.03-1.06]	Illumina [12557761] (imputed)	N	type II diabetes mellitus	http://www.ebi.ac.uk/efo/EFO_0001360	GCST007847	Genome-wide genotyping array
2019-05-22	30718926	Suzuki K	2019-02-04	Nat Genet	www.ncbi.nlm.nih.gov/pubmed/30718926	Identification of 28 new susceptibility loci for type 2 diabetes in the Japanese population.	Type 2 diabetes	36,614 Japanese ancestry cases, 155,150 Japanese ancestry controls	NA	7q36.3	7	157137856	MNX1	AC006967.3 - UBE3C	ENSG00000269446	ENSG00000009335		26784	1060	rs6459733-G	rs6459733	0	6459733	intergenic_variant	1	0.45999999999999996	3E-7	6.522878745280337		1.0526316	[1.03-1.06]	Illumina [12557761] (imputed)	N	type II diabetes mellitus	http://www.ebi.ac.uk/efo/EFO_0001360	GCST007847	Genome-wide genotyping array
2019-05-22	30718926	Suzuki K	2019-02-04	Nat Genet	www.ncbi.nlm.nih.gov/pubmed/30718926	Identification of 28 new susceptibility loci for type 2 diabetes in the Japanese population.	Type 2 diabetes	36,614 Japanese ancestry cases, 155,150 Japanese ancestry controls	NA	11p15.4	11	2836784	INS-IGF2, KCNQ1	KCNQ1, KCNQ1			ENSG00000282076, ENSG00000053918			rs76868685-C	rs76868685	0	76868685	intron_variant	0	0.995	3E-7	6.522878745280337	(Conditioned)			Illumina [12557761] (imputed)	N	type II diabetes mellitus	http://www.ebi.ac.uk/efo/EFO_0001360	GCST007847	Genome-wide genotyping array
2019-05-22	30718926	Suzuki K	2019-02-04	Nat Genet	www.ncbi.nlm.nih.gov/pubmed/30718926	Identification of 28 new susceptibility loci for type 2 diabetes in the Japanese population.	Type 2 diabetes	36,614 Japanese ancestry cases, 155,150 Japanese ancestry controls	NA	10p13	10	12555882	CDC123, CAMK1D	CAMK1D			ENSG00000183049			rs12569857-C	rs12569857	0	12569857	intron_variant	0	0.3	3E-7	6.522878745280337		1.05	1.03-1.07	Illumina [12557761] (imputed)	N	type II diabetes mellitus	http://www.ebi.ac.uk/efo/EFO_0001360	GCST007847	Genome-wide genotyping array
2019-05-22	30718926	Suzuki K	2019-02-04	Nat Genet	www.ncbi.nlm.nih.gov/pubmed/30718926	Identification of 28 new susceptibility loci for type 2 diabetes in the Japanese population.	Type 2 diabetes	36,614 Japanese ancestry cases, 155,150 Japanese ancestry controls	NA	2p16.1	2	60356530	BCL11A	AC007381.1						rs243024-A	rs243024	0	243024	intron_variant	0	0.68	3E-7	6.522878745280337		1.05	1.03-1.07	Illumina [12557761] (imputed)	N	type II diabetes mellitus	http://www.ebi.ac.uk/efo/EFO_0001360	GCST007847	Genome-wide genotyping array
2019-05-22	30718926	Suzuki K	2019-02-04	Nat Genet	www.ncbi.nlm.nih.gov/pubmed/30718926	Identification of 28 new susceptibility loci for type 2 diabetes in the Japanese population.	Type 2 diabetes	36,614 Japanese ancestry cases, 155,150 Japanese ancestry controls	NA	13q31.3	13	91287915	MIR17HG	PPIAP23 - MIR17HG	ENSG00000214178	ENSG00000215417		15338	59905	rs7985179-T	rs7985179	0	7985179	intergenic_variant	1	0.82	4E-7	6.3979400086720375		1.06	1.04-1.09	Illumina [12557761] (imputed)	N	type II diabetes mellitus	http://www.ebi.ac.uk/efo/EFO_0001360	GCST007847	Genome-wide genotyping array
2019-05-22	30718926	Suzuki K	2019-02-04	Nat Genet	www.ncbi.nlm.nih.gov/pubmed/30718926	Identification of 28 new susceptibility loci for type 2 diabetes in the Japanese population.	Type 2 diabetes	36,614 Japanese ancestry cases, 155,150 Japanese ancestry controls	NA	2q24.3	2	164656581	GRB14, COBLL1	COBLL1			ENSG00000082438			rs10195252-T	rs10195252	0	10195252	intron_variant	0	0.92	4E-7	6.3979400086720375		1.0869565	[1.05-1.12]	Illumina [12557761] (imputed)	N	type II diabetes mellitus	http://www.ebi.ac.uk/efo/EFO_0001360	GCST007847	Genome-wide genotyping array
2019-05-22	30718926	Suzuki K	2019-02-04	Nat Genet	www.ncbi.nlm.nih.gov/pubmed/30718926	Identification of 28 new susceptibility loci for type 2 diabetes in the Japanese population.	Type 2 diabetes	36,614 Japanese ancestry cases, 155,150 Japanese ancestry controls	NA	7q36.3	7	157000758	MNX1	MNX1			ENSG00000130675			rs140751051-G	rs140751051	0	140751051	intron_variant	0	0.88	6E-7	6.221848749616356		1.09	1.05-1.12	Illumina [12557761] (imputed)	N	type II diabetes mellitus	http://www.ebi.ac.uk/efo/EFO_0001360	GCST007847	Genome-wide genotyping array
2019-05-22	30718926	Suzuki K	2019-02-04	Nat Genet	www.ncbi.nlm.nih.gov/pubmed/30718926	Identification of 28 new susceptibility loci for type 2 diabetes in the Japanese population.	Type 2 diabetes	36,614 Japanese ancestry cases, 155,150 Japanese ancestry controls	NA	11q13.3	11	69633990	CCND1	LINC01488 - CCND1	ENSG00000285094	ENSG00000110092		139038	7097	rs11820019-T	rs11820019	0	11820019	intergenic_variant	1	0.98	1E-6	6.0		1.2345679	[1.14-1.35]	Illumina [12557761] (imputed)	N	type II diabetes mellitus	http://www.ebi.ac.uk/efo/EFO_0001360	GCST007847	Genome-wide genotyping array
2019-05-22	30718926	Suzuki K	2019-02-04	Nat Genet	www.ncbi.nlm.nih.gov/pubmed/30718926	Identification of 28 new susceptibility loci for type 2 diabetes in the Japanese population.	Type 2 diabetes	36,614 Japanese ancestry cases, 155,150 Japanese ancestry controls	NA	17q21.2	17	42570011	MLX	MLX			ENSG00000108788			rs665268-G	rs665268	0	665268	missense_variant	0	0.47	2E-6	5.698970004336019		1.04	1.02-1.06	Illumina [12557761] (imputed)	N	type II diabetes mellitus	http://www.ebi.ac.uk/efo/EFO_0001360	GCST007847	Genome-wide genotyping array
2019-05-22	30718926	Suzuki K	2019-02-04	Nat Genet	www.ncbi.nlm.nih.gov/pubmed/30718926	Identification of 28 new susceptibility loci for type 2 diabetes in the Japanese population.	Type 2 diabetes	36,614 Japanese ancestry cases, 155,150 Japanese ancestry controls	NA	9q21.31	9	79290675	TLE4	AL512634.1 - CHCHD2P9	ENSG00000260995	ENSG00000186940		92361	100629	rs17791513-A	rs17791513	0	17791513	intergenic_variant	1	0.95	3E-6	5.522878745280337		1.098901	[1.05-1.14]	Illumina [12557761] (imputed)	N	type II diabetes mellitus	http://www.ebi.ac.uk/efo/EFO_0001360	GCST007847	Genome-wide genotyping array
2019-05-22	30718926	Suzuki K	2019-02-04	Nat Genet	www.ncbi.nlm.nih.gov/pubmed/30718926	Identification of 28 new susceptibility loci for type 2 diabetes in the Japanese population.	Type 2 diabetes	36,614 Japanese ancestry cases, 155,150 Japanese ancestry controls	NA	20q13.13	20	50215598	CEBPB	CEBPB - SMIM25	ENSG00000172216	ENSG00000224397		22909	32045	rs11699802-C	rs11699802	0	11699802	regulatory_region_variant	1	0.54	4E-6	5.3979400086720375		1.0416667	[1.02-1.06]	Illumina [12557761] (imputed)	N	type II diabetes mellitus	http://www.ebi.ac.uk/efo/EFO_0001360	GCST007847	Genome-wide genotyping array
2019-05-22	30718926	Suzuki K	2019-02-04	Nat Genet	www.ncbi.nlm.nih.gov/pubmed/30718926	Identification of 28 new susceptibility loci for type 2 diabetes in the Japanese population.	Type 2 diabetes	36,614 Japanese ancestry cases, 155,150 Japanese ancestry controls	NA	6q26	6	163711969	QKI	AL137005.2, AL137005.1			ENSG00000285858, ENSG00000235538			rs4709746-C	rs4709746	0	4709746	intron_variant	0	0.87	4E-6	5.3979400086720375		1.0638298	[1.04-1.1]	Illumina [12557761] (imputed)	N	type II diabetes mellitus	http://www.ebi.ac.uk/efo/EFO_0001360	GCST007847	Genome-wide genotyping array
2019-05-22	30718926	Suzuki K	2019-02-04	Nat Genet	www.ncbi.nlm.nih.gov/pubmed/30718926	Identification of 28 new susceptibility loci for type 2 diabetes in the Japanese population.	Type 2 diabetes	36,614 Japanese ancestry cases, 155,150 Japanese ancestry controls	NA	11p15.1	11	17388025	KCNJ11	KCNJ11			ENSG00000187486			rs5219-T	rs5219	0	5219	stop_gained	0	0.37	4E-6	5.3979400086720375		1.04	1.02-1.06	Illumina [12557761] (imputed)	N	type II diabetes mellitus	http://www.ebi.ac.uk/efo/EFO_0001360	GCST007847	Genome-wide genotyping array
2019-05-22	30718926	Suzuki K	2019-02-04	Nat Genet	www.ncbi.nlm.nih.gov/pubmed/30718926	Identification of 28 new susceptibility loci for type 2 diabetes in the Japanese population.	Type 2 diabetes	36,614 Japanese ancestry cases, 155,150 Japanese ancestry controls	NA	19q13.32	19	45912438	GIPR	MYPOP - NANOS2	ENSG00000176182	ENSG00000188425		9825	776	rs9967620-C	rs9967620	0	9967620	regulatory_region_variant	1	0.9	5E-6	5.301029995663981		1.07	1.04-1.10	Illumina [12557761] (imputed)	N	type II diabetes mellitus	http://www.ebi.ac.uk/efo/EFO_0001360	GCST007847	Genome-wide genotyping array
2019-05-22	30718926	Suzuki K	2019-02-04	Nat Genet	www.ncbi.nlm.nih.gov/pubmed/30718926	Identification of 28 new susceptibility loci for type 2 diabetes in the Japanese population.	Type 2 diabetes	36,614 Japanese ancestry cases, 155,150 Japanese ancestry controls	NA	5q11.2	5	53975590	ARL15	ARL15			ENSG00000185305			rs702634-A	rs702634	0	702634	intron_variant	0	0.82	8E-6	5.096910013008056		1.05	1.03-1.08	Illumina [12557761] (imputed)	N	type II diabetes mellitus	http://www.ebi.ac.uk/efo/EFO_0001360	GCST007847	Genome-wide genotyping array
